Model,Accuracy,Precision,Recall,F1-Score,AUC-ROC
Logistic Regression,0.8699186991869918,0.8484848484848485,0.9882352941176471,0.9130434782608695,0.8761609907120743
Random Forest,0.8699186991869918,0.8876404494382022,0.9294117647058824,0.9080459770114943,0.8758513931888545
LightGBM,0.8292682926829268,0.8809523809523809,0.8705882352941177,0.8757396449704142,0.8436532507739939
XGBoost,0.8130081300813008,0.8690476190476191,0.8588235294117647,0.863905325443787,0.8417956656346749
CatBoost,0.8536585365853658,0.8602150537634409,0.9411764705882353,0.898876404494382,0.8402476780185758
KNN,0.8617886178861789,0.8695652173913043,0.9411764705882353,0.903954802259887,0.79984520123839
Decision Tree,0.7560975609756098,0.8481012658227848,0.788235294117647,0.8170731707317073,0.7362229102167182
